<?xml version="1.0" encoding="UTF-8"?>
<scene id="id269551" GSCVersion="1.25.73" PGFVersion="0.25"><layers><layer id="id112326"><actors><actor id="id763928" prototype="id825317"><attributes><point id="position"><real id="x">90</real><real id="y">261</real></point><size id="size"><real id="width">70</real><real id="height">26</real></size></attributes><aspects/></actor><actor id="id252453" prototype="id572057"><attributes><point id="position"><real id="x">89.5</real><real id="y">228</real></point><size id="size"><real id="width">67</real><real id="height">26</real></size></attributes><aspects/></actor></actors><attributes><text id="name">Background</text><boolean id="scrollable">true</boolean></attributes></layer></layers><attributes><text id="name">Initial Scene</text><real id="time">0</real><size id="size"><real id="width">568</real><real id="height">320</real></size><boolean id="wrapX">false</boolean><boolean id="wrapY">false</boolean><point id="gravity"><real id="x">0</real><real id="y">0</real></point><color id="color"><real id="red">1</real><real id="green">1</real><real id="blue">1</real><real id="alpha">1</real></color><rect id="camera"><point id="origin"><real id="x">0</real><real id="y">0</real></point><size id="size"><real id="width">568</real><real id="height">320</real></size><size id="trackingArea"><real id="width">488</real><real id="height">240</real></size><real id="rotation">0</real></rect><attributes id="autorotate"><boolean id="landscapeLeft">true</boolean><boolean id="portrait">false</boolean><boolean id="landscapeRight">false</boolean><boolean id="portraitUpsideDown">false</boolean></attributes></attributes></scene>
