<?xml version="1.0" encoding="UTF-8"?>
<assets PGFVersion="0.25" GSCVersion="1.25.73"><sounds/><images><image name="good"><file premulAlpha="0" name="good.png" size="21717"/></image><image name="login"><file premulAlpha="0" name="login.png" size="15968"/></image><image name="a2"><file premulAlpha="0" name="a2.png" size="10458"/></image><image name="a1"><file premulAlpha="0" name="a1.png" size="5125"/></image><image name="bad"><file premulAlpha="0" name="bad.png" size="22893"/></image></images><behaviors/><fonts/></assets>
