<?xml version="1.0" encoding="UTF-8"?>
<actor PGFVersion="0.25" id="id825317" GSCVersion="1.25.73"><attributes><text id="name">adUser</text><real id="time">0</real><point id="position"><real id="x">0</real><real id="y">0</real></point><size id="size"><real id="width">97</real><real id="height">102</real></size><angle id="rotation">0</angle><color id="color"><real id="red">1</real><real id="green">1</real><real id="blue">1</real><real id="alpha">1</real></color><image id="image"></image><text id="tags"></text><boolean id="preloadArt">false</boolean><text name="requestId" id="id716988"></text><text name="getTableURL" id="id873059"></text></attributes><behaviors><behavior enabled="true" id="id657415" class="RuleBehavior"><attributes><text id="name">Rule</text><text id="bundleName">Rule.behavior</text><boolean id="runOnce">false</boolean><boolean id="runSequentially">false</boolean><real id="compoundConditionKind">0</real></attributes><conditions><condition pluginPredicateTypeIndex="0" id="id855825" eventType="mouse position"><attributes><index id="conditionType">2</index></attributes><predicate type="number"><attributes><text id="operator">&lt;</text><real id="RHS">1</real></attributes></predicate><subjectPredicate type="number"><attributes><text id="operator">=</text><real id="RHS"><expression><string xml:space="preserve">textLength(tableCellValue(</string><reference keypath="game.attributes.id262937"/><string xml:space="preserve">,1,1))</string></expression></real></attributes></subjectPredicate></condition></conditions><behaviors><behavior id="id461044" class="DisplayTextBehavior" enabled="true"><attributes><text id="name">Display Text</text><text id="bundleName">DisplayText.behavior</text><text id="text">Click to create account &amp; login</text><text id="font">Cambay</text><real id="size">20</real><index id="alignment">0</index><boolean id="wrap">false</boolean><color id="color"><real id="red">0</real><real id="green">0</real><real id="blue">0</real><real id="alpha">1</real></color><real id="offsetx">0</real><real id="offsety">0</real><index id="space">0</index><index id="directionSpace">0</index><angle id="direction">0</angle></attributes></behavior></behaviors><elseBehaviors><behavior id="id873567" class="DisplayTextBehavior" enabled="true"><attributes><text id="name">Display Text</text><text id="bundleName">DisplayText.behavior</text><text id="text">Click to Login</text><text id="font">Cambay</text><real id="size">20</real><index id="alignment">0</index><boolean id="wrap">false</boolean><color id="color"><real id="red">0</real><real id="green">0</real><real id="blue">0</real><real id="alpha">1</real></color><real id="offsetx">0</real><real id="offsety">0</real><index id="space">0</index><index id="directionSpace">0</index><angle id="direction">0</angle></attributes></behavior></elseBehaviors></behavior><behavior enabled="true" id="id138106" class="RuleBehavior"><attributes><text id="name">Rule</text><text id="bundleName">Rule.behavior</text><boolean id="runOnce">false</boolean><boolean id="runSequentially">false</boolean><real id="compoundConditionKind">0</real></attributes><conditions><condition id="id738521" pluginPredicateTypeIndex="0" eventType="touch"><attributes><index id="conditionType">0</index></attributes><predicate type="touch" conditionType="pressed"><attributes/></predicate></condition></conditions><behaviors><behavior id="id803004" class="ChangeAttributeAction" enabled="true"><attributes><text id="name">Change Attribute</text><text id="bundleName">ChangeAttribute.behavior</text><text id="targetAttribute">self.attributes.id716988</text><text id="RHS"><expression><string xml:space="preserve">random(1,10000)</string></expression></text></attributes></behavior><behavior class="ChangeTableValueAction" enabled="true"><attributes><text id="name">Change Table Value</text><text id="bundleName">ChangeTableValue.behavior</text><text id="tableID"></text><text id="tableExpression"><expression><reference keypath="game.attributes.id262937"/></expression></text><text id="rowNumber">1</text><array id="assignments"><tablecolumnassignment id="id625006"><text id="column">5</text><text id="rhsvalue"><expression><reference keypath="self.attributes.id716988"/></expression></text></tablecolumnassignment></array></attributes></behavior><behavior id="id559523" class="NetworkSendTableToURLAction" enabled="true"><attributes><text id="name">Network Send Table To URL</text><text id="bundleName">NetworkSendTableToURL.behavior</text><text id="callbackAttribute">game.attributes.id221765</text><text id="url">https://preview.gamesparks.net/callback/&lt;gameAppKey&gt;/userLogin/&lt;CallBackSecret&gt;</text><text id="dataTable"><expression><reference keypath="game.attributes.id262937"/></expression></text></attributes></behavior><behavior id="id877732" class="ChangeAttributeAction" enabled="true"><attributes><text id="name">Change Attribute</text><text id="bundleName">ChangeAttribute.behavior</text><text id="targetAttribute">game.attributes.id221765</text><text id="RHS">0</text></attributes></behavior><behavior id="id964165" class="DisplayTextBehavior" enabled="true"><attributes><text id="name">Display Text</text><text id="bundleName">DisplayText.behavior</text><text id="text">Waiting for response</text><text id="font">Cambay</text><real id="size">15</real><index id="alignment">0</index><boolean id="wrap">false</boolean><color id="color"><real id="red">0</real><real id="green">0</real><real id="blue">0</real><real id="alpha">1</real></color><real id="offsetx">0</real><real id="offsety">-15</real><index id="space">0</index><index id="directionSpace">0</index><angle id="direction">0</angle></attributes></behavior></behaviors><elseBehaviors><behavior enabled="true" id="id786710" class="RuleBehavior"><attributes><text id="name">Rule</text><text id="bundleName">Rule.behavior</text><boolean id="runOnce">false</boolean><boolean id="runSequentially">false</boolean><real id="compoundConditionKind">0</real></attributes><conditions><condition id="id319217" pluginPredicateTypeIndex="0" eventType="mouse position"><attributes><index id="conditionType">1</index><text id="subjectAttribute">game.attributes.id221765</text></attributes><predicate type="number"><attributes><text id="operator">=</text><real id="RHS">1</real></attributes></predicate></condition></conditions><behaviors><behavior id="id190095" class="DisplayTextBehavior" enabled="true"><attributes><text id="name">Display Text</text><text id="bundleName">DisplayText.behavior</text><text id="text">Response Recieved: OK</text><text id="font">Cambay</text><real id="size">15</real><index id="alignment">0</index><boolean id="wrap">false</boolean><color id="color"><real id="red">0</real><real id="green">0</real><real id="blue">0</real><real id="alpha">1</real></color><real id="offsetx">0</real><real id="offsety">-30</real><index id="space">0</index><index id="directionSpace">0</index><angle id="direction">0</angle></attributes></behavior></behaviors><elseBehaviors/></behavior><behavior enabled="true" id="id932230" class="RuleBehavior"><attributes><text id="name">Rule</text><text id="bundleName">Rule.behavior</text><boolean id="runOnce">false</boolean><boolean id="runSequentially">false</boolean><real id="compoundConditionKind">0</real></attributes><conditions><condition id="id319217" pluginPredicateTypeIndex="0" eventType="mouse position"><attributes><index id="conditionType">1</index><text id="subjectAttribute">game.attributes.id221765</text></attributes><predicate type="number"><attributes><text id="operator">=</text><real id="RHS">-1</real></attributes></predicate></condition></conditions><behaviors><behavior id="id190095" class="DisplayTextBehavior" enabled="true"><attributes><text id="name">Display Text</text><text id="bundleName">DisplayText.behavior</text><text id="text">Response Recieved: Error</text><text id="font">Cambay</text><real id="size">15</real><index id="alignment">0</index><boolean id="wrap">false</boolean><color id="color"><real id="red">0</real><real id="green">0</real><real id="blue">0</real><real id="alpha">1</real></color><real id="offsetx">0</real><real id="offsety">-30</real><index id="space">0</index><index id="directionSpace">0</index><angle id="direction">0</angle></attributes></behavior></behaviors><elseBehaviors/></behavior></elseBehaviors></behavior><behavior enabled="true" id="id605129" class="RuleBehavior"><attributes><text id="name">Rule</text><text id="bundleName">Rule.behavior</text><boolean id="runOnce">false</boolean><boolean id="runSequentially">false</boolean><real id="compoundConditionKind">0</real></attributes><conditions><condition pluginPredicateTypeIndex="0" id="id576563" eventType="mouse position"><attributes><index id="conditionType">2</index><text id="subjectAttribute">game.attributes.id221765</text></attributes><predicate type="number"><attributes><text id="operator">=</text><real id="RHS">1</real></attributes></predicate><subjectPredicate type="number"><attributes><text id="operator">=</text><real id="RHS"><expression><reference keypath="game.attributes.id221765"/></expression></real></attributes></subjectPredicate></condition></conditions><behaviors><behavior id="id219385" class="ChangeAttributeAction" enabled="true"><attributes><text id="name">Change Attribute</text><text id="bundleName">ChangeAttribute.behavior</text><text id="targetAttribute">self.attributes.id873059</text><text id="RHS"><expression><string xml:space="preserve">&quot;https://preview.gamesparks.net/callback/&lt;gameAppId&gt;/userLogin/&lt;gameCallbackSecret&gt;=&quot;..</string><reference keypath="self.attributes.id716988"/></expression></text></attributes></behavior><behavior id="id864725" class="NetworkGetTableFromURLAction" enabled="true"><attributes><text id="name">Network Get Table From URL</text><text id="bundleName">NetworkGetTableFromURL.behavior</text><text id="callbackAttribute">game.attributes.id364999</text><text id="url"><expression><reference keypath="self.attributes.id873059"/></expression></text><text id="dataTable"><expression><reference keypath="game.attributes.id262937"/></expression></text></attributes></behavior><behavior id="id367284" class="DisplayTextBehavior" enabled="true"><attributes><text id="name">Display Text</text><text id="bundleName">DisplayText.behavior</text><text id="text">Requesting Updated Table.</text><text id="font">Cambay</text><real id="size">15</real><index id="alignment">0</index><boolean id="wrap">false</boolean><color id="color"><real id="red">0</real><real id="green">0</real><real id="blue">0</real><real id="alpha">1</real></color><real id="offsetx">0</real><real id="offsety">-45</real><index id="space">0</index><index id="directionSpace">0</index><angle id="direction">0</angle></attributes></behavior></behaviors><elseBehaviors/></behavior><behavior enabled="true" id="id222087" class="RuleBehavior"><attributes><text id="name">Rule</text><text id="bundleName">Rule.behavior</text><boolean id="runOnce">false</boolean><boolean id="runSequentially">false</boolean><real id="compoundConditionKind">0</real></attributes><conditions><condition id="id648778" pluginPredicateTypeIndex="0" eventType="mouse position"><attributes><index id="conditionType">1</index><text id="subjectAttribute">game.attributes.id364999</text></attributes><predicate type="number"><attributes><text id="operator">=</text><real id="RHS">1</real></attributes></predicate></condition></conditions><behaviors><behavior id="id150751" class="SaveTableAction" enabled="true"><attributes><text id="name">Save Table</text><text id="bundleName">SaveTable.behavior</text><text id="tableID">id262937</text></attributes></behavior><behavior id="id395657" class="DisplayTextBehavior" enabled="true"><attributes><text id="name">Display Text</text><text id="bundleName">DisplayText.behavior</text><text id="text">Table Received. Saving it.</text><text id="font">Cambay</text><real id="size">15</real><index id="alignment">0</index><boolean id="wrap">false</boolean><color id="color"><real id="red">0</real><real id="green">0</real><real id="blue">0</real><real id="alpha">1</real></color><real id="offsetx">0</real><real id="offsety">-60</real><index id="space">0</index><index id="directionSpace">0</index><angle id="direction">0</angle></attributes></behavior><behavior id="id643439" class="DisplayTextBehavior" enabled="true"><attributes><text id="name">Display Text</text><text id="bundleName">DisplayText.behavior</text><text id="text"><expression><string xml:space="preserve">&quot;userId:&quot;..tableCellValue(</string><reference keypath="game.attributes.id262937"/><string xml:space="preserve">,1,1)</string></expression></text><text id="font">Cambay</text><real id="size">15</real><index id="alignment">0</index><boolean id="wrap">false</boolean><color id="color"><real id="red">0</real><real id="green">0</real><real id="blue">0</real><real id="alpha">1</real></color><real id="offsetx">0</real><real id="offsety">-75</real><index id="space">0</index><index id="directionSpace">0</index><angle id="direction">0</angle></attributes></behavior></behaviors><elseBehaviors/></behavior></behaviors><aspects><graphics><attributes><boolean id="visible">true</boolean><enumeration id="blendingMode">0</enumeration><enumeration id="horizontalWrap">0</enumeration><enumeration id="verticalWrap">0</enumeration><enumeration id="horizontalAnchor">0</enumeration><enumeration id="verticalAnchor">0</enumeration><boolean id="flipHorizontally">false</boolean><boolean id="flipVertically">false</boolean><integer id="tileWidth">97</integer><integer id="tileHeight">102</integer></attributes></graphics><motion><attributes><point id="linearVelocity"><real id="x">0</real><real id="y">0</real></point><point id="centerOfMass"><real id="x">0</real><real id="y">0</real></point><real id="angularVelocity">0</real><real id="maxSpeed">0</real><boolean id="applyMaxSpeed">false</boolean><boolean id="pin">false</boolean></attributes></motion><physics><attributes><real id="density">1</real><real id="friction">3</real><real id="restitution">1</real><boolean id="fixedRotation">false</boolean><boolean id="movable">true</boolean><enumeration id="collisionShape">0</enumeration><real id="drag">0</real><real id="angularDrag">0</real><boolean id="canSleep">true</boolean><boolean id="betterColisions">false</boolean></attributes></physics></aspects></actor>
