<?xml version="1.0" encoding="UTF-8"?>
<actor PGFVersion="0.25" id="id353627" GSCVersion="1.25.95"><attributes><text id="name">button</text><real id="time">0</real><point id="position"><real id="x">0</real><real id="y">0</real></point><size id="size"><real id="width">100</real><real id="height">25</real></size><angle id="rotation">0</angle><color id="color"><real id="red">0.064120709896088</real><real id="green">0.50181978940964</real><real id="blue">0.50197261571884</real><real id="alpha">1</real></color><image id="image"></image><text id="tags"></text><boolean id="preloadArt">true</boolean><text name="buttonText" id="id910401"></text></attributes><behaviors><behavior id="id299090" class="DisplayTextBehavior" enabled="true"><attributes><text id="name">Display Text</text><text id="bundleName">DisplayText.behavior</text><text id="text"><expression><reference keypath="self.attributes.id910401"/></expression></text><text id="font">Cambay</text><real id="size">15</real><index id="alignment">1</index><boolean id="wrap">false</boolean><color id="color"><real id="red">0.99999928474426</real><real id="green">0.99997442960739</real><real id="blue">0.99999129772186</real><real id="alpha">1</real></color><real id="offsetx">0</real><real id="offsety">0</real><index id="space">0</index><index id="directionSpace">0</index><angle id="direction">0</angle></attributes></behavior><behavior enabled="true" id="id687090" class="RuleBehavior"><attributes><text name="Name" id="name">Rule</text><text name="Bundle Name" id="bundleName">Rule.behavior</text><boolean name="Run Once" id="runOnce">false</boolean><boolean name="Run Sequentially" id="runSequentially">false</boolean><real name="Compound Condition Kind" id="compoundConditionKind">0</real></attributes><conditions><condition id="id162664" eventType="touch"><attributes><index name="Condition Type" id="conditionType">0</index><attribute name="Subject Attribute" id="subjectAttribute"/></attributes><predicate type="touch" conditionType="pressed"><attributes/></predicate></condition></conditions><behaviors><behavior id="id110713" class="ChangeAttributeAction" enabled="true"><attributes><text id="name">Change Attribute</text><text id="bundleName">ChangeAttribute.behavior</text><text id="targetAttribute">game.attributes.id304604</text><text id="RHS"><expression><string xml:space="preserve">4</string></expression></text></attributes></behavior><behavior id="id704204" class="NetworkSendTableToURLAction" enabled="true"><attributes><text id="name">Network Send Table To URL</text><text id="bundleName">NetworkSendTableToURL.behavior</text><text id="callbackAttribute">game.attributes.id304604</text><text id="url"></text><text id="dataTable"><expression><reference keypath="game.attributes.id434271"/></expression></text></attributes></behavior></behaviors><elseBehaviors/></behavior></behaviors><aspects><graphics><attributes><boolean id="visible">true</boolean><enumeration id="blendingMode">0</enumeration><enumeration id="horizontalWrap">0</enumeration><enumeration id="verticalWrap">0</enumeration><enumeration id="horizontalAnchor">0</enumeration><enumeration id="verticalAnchor">0</enumeration><boolean id="flipHorizontally">false</boolean><boolean id="flipVertically">false</boolean><integer id="tileWidth">100</integer><integer id="tileHeight">25</integer></attributes></graphics><motion><attributes><point id="linearVelocity"><real id="x">0</real><real id="y">0</real></point><point id="centerOfMass"><real id="x">0</real><real id="y">0</real></point><real id="angularVelocity">0</real><real id="maxSpeed">0</real><boolean id="applyMaxSpeed">false</boolean><boolean id="pin">false</boolean></attributes></motion><physics><attributes><real id="density">1</real><real id="friction">3</real><real id="restitution">1</real><boolean id="fixedRotation">false</boolean><boolean id="movable">true</boolean><enumeration id="collisionShape">0</enumeration><real id="drag">0</real><real id="angularDrag">0</real><boolean id="canSleep">true</boolean><boolean id="betterColisions">false</boolean></attributes></physics></aspects></actor>
