<?xml version="1.0" encoding="UTF-8"?>
<actor PGFVersion="0.25" id="id825317" GSCVersion="1.25.73"><attributes><text id="name">adUser</text><real id="time">0</real><point id="position"><real id="x">0</real><real id="y">0</real></point><size id="size"><real id="width">97</real><real id="height">102</real></size><angle id="rotation">0</angle><color id="color"><real id="red">1</real><real id="green">1</real><real id="blue">1</real><real id="alpha">1</real></color><image id="image">login</image><text id="tags"></text><boolean id="preloadArt">true</boolean><text name="requestId" id="id716988"></text><text name="getTableURL" id="id873059"></text></attributes><behaviors><behavior enabled="true" id="id138106" class="RuleBehavior"><attributes><text id="name">Rule</text><text id="bundleName">Rule.behavior</text><boolean id="runOnce">false</boolean><boolean id="runSequentially">false</boolean><real id="compoundConditionKind">0</real></attributes><conditions><condition id="id738521" pluginPredicateTypeIndex="0" eventType="touch"><attributes><index id="conditionType">0</index></attributes><predicate type="touch" conditionType="pressed"><attributes/></predicate></condition></conditions><behaviors><behavior enabled="true" id="id562129" class="RuleBehavior"><attributes><text id="name">Rule</text><text id="bundleName">Rule.behavior</text><boolean id="runOnce">false</boolean><boolean id="runSequentially">false</boolean><real id="compoundConditionKind">0</real></attributes><conditions><condition pluginPredicateTypeIndex="0" id="id843075" eventType="mouse position"><attributes><index id="conditionType">2</index></attributes><predicate type="number"><attributes><text id="operator">&lt;</text><real id="RHS">1</real></attributes></predicate><subjectPredicate type="number"><attributes><text id="operator">=</text><real id="RHS"><expression><string xml:space="preserve">textLength(tableCellValue(</string><reference keypath="game.attributes.id262937"/><string xml:space="preserve">,1,1))</string></expression></real></attributes></subjectPredicate></condition></conditions><behaviors><behavior class="ChangeTableValueAction" enabled="true"><attributes><text id="name">Change Table Value</text><text id="bundleName">ChangeTableValue.behavior</text><text id="tableID"></text><text id="tableExpression"><expression><reference keypath="game.attributes.id262937"/></expression></text><text id="rowNumber">1</text><array id="assignments"><tablecolumnassignment id="id759162"><text id="column">2</text><text id="rhsvalue"><expression><string xml:space="preserve">&quot;userName&quot;..</string><reference keypath="game.devices.clock.millisecond"/></expression></text></tablecolumnassignment></array></attributes></behavior></behaviors><elseBehaviors/></behavior><behavior id="id803004" class="ChangeAttributeAction" enabled="true"><attributes><text id="name">Change Attribute</text><text id="bundleName">ChangeAttribute.behavior</text><text id="targetAttribute">self.attributes.id716988</text><text id="RHS"><expression><string xml:space="preserve">random(1,10000)</string></expression></text></attributes></behavior><behavior class="ChangeTableValueAction" enabled="true"><attributes><text id="name">Change Table Value</text><text id="bundleName">ChangeTableValue.behavior</text><text id="tableID"></text><text id="tableExpression"><expression><reference keypath="game.attributes.id262937"/></expression></text><text id="rowNumber">1</text><array id="assignments"><tablecolumnassignment id="id625006"><text id="column">5</text><text id="rhsvalue"><expression><reference keypath="self.attributes.id716988"/></expression></text></tablecolumnassignment></array></attributes></behavior><behavior id="id508855" class="ChangeAttributeAction" enabled="true"><attributes><text id="name">Change Attribute</text><text id="bundleName">ChangeAttribute.behavior</text><text id="targetAttribute">game.attributes.id221765</text><text id="RHS">0</text></attributes></behavior><behavior id="id559523" class="NetworkSendTableToURLAction" enabled="true"><attributes><text id="name">Network Send Table To URL</text><text id="bundleName">NetworkSendTableToURL.behavior</text><text id="callbackAttribute">game.attributes.id221765</text><text id="url">https://preview.gamesparks.net/callback/294746j0YTMP/userLogin/AtkkYhqTKLCdjZnFV97lzzoDr47TmJW4</text><text id="dataTable"><expression><reference keypath="game.attributes.id262937"/></expression></text></attributes></behavior></behaviors><elseBehaviors><behavior enabled="true" id="id932230" class="RuleBehavior"><attributes><text id="name">Rule</text><text id="bundleName">Rule.behavior</text><boolean id="runOnce">false</boolean><boolean id="runSequentially">false</boolean><real id="compoundConditionKind">0</real></attributes><conditions><condition id="id319217" pluginPredicateTypeIndex="0" eventType="mouse position"><attributes><index id="conditionType">1</index><text id="subjectAttribute">game.attributes.id221765</text></attributes><predicate type="number"><attributes><text id="operator">=</text><real id="RHS">-1</real></attributes></predicate></condition></conditions><behaviors><behavior id="id266295" class="ChangeImageAction" enabled="true"><attributes><text id="name">Change Image</text><text id="bundleName">ChangeImage.behavior</text><image id="image">bad</image></attributes></behavior></behaviors><elseBehaviors/></behavior></elseBehaviors></behavior><behavior enabled="true" id="id605129" class="RuleBehavior"><attributes><text id="name">Rule</text><text id="bundleName">Rule.behavior</text><boolean id="runOnce">false</boolean><boolean id="runSequentially">false</boolean><real id="compoundConditionKind">0</real></attributes><conditions><condition pluginPredicateTypeIndex="0" id="id576563" eventType="mouse position"><attributes><index id="conditionType">2</index><text id="subjectAttribute">game.attributes.id221765</text></attributes><predicate type="number"><attributes><text id="operator">=</text><real id="RHS">1</real></attributes></predicate><subjectPredicate type="number"><attributes><text id="operator">=</text><real id="RHS"><expression><reference keypath="game.attributes.id221765"/></expression></real></attributes></subjectPredicate></condition></conditions><behaviors><behavior id="id219385" class="ChangeAttributeAction" enabled="true"><attributes><text id="name">Change Attribute</text><text id="bundleName">ChangeAttribute.behavior</text><text id="targetAttribute">self.attributes.id873059</text><text id="RHS"><expression><string xml:space="preserve">&quot;https://preview.gamesparks.net/callback/294746j0YTMP/userLogin/AtkkYhqTKLCdjZnFV97lzzoDr47TmJW4?requestId=&quot;..</string><reference keypath="self.attributes.id716988"/></expression></text></attributes></behavior><behavior id="id864725" class="NetworkGetTableFromURLAction" enabled="true"><attributes><text id="name">Network Get Table From URL</text><text id="bundleName">NetworkGetTableFromURL.behavior</text><text id="callbackAttribute">game.attributes.id364999</text><text id="url"><expression><reference keypath="self.attributes.id873059"/></expression></text><text id="dataTable"><expression><reference keypath="game.attributes.id262937"/></expression></text></attributes></behavior></behaviors><elseBehaviors/></behavior><behavior enabled="true" id="id531336" class="RuleBehavior"><attributes><text id="name">Rule</text><text id="bundleName">Rule.behavior</text><boolean id="runOnce">false</boolean><boolean id="runSequentially">false</boolean><real id="compoundConditionKind">0</real></attributes><conditions><condition id="id120053" pluginPredicateTypeIndex="0" eventType="mouse position"><attributes><index id="conditionType">1</index><text id="subjectAttribute">game.attributes.id364999</text></attributes><predicate type="number"><attributes><text id="operator">=</text><real id="RHS">-1</real></attributes></predicate></condition></conditions><behaviors><behavior id="id288754" class="ChangeImageAction" enabled="true"><attributes><text id="name">Change Image</text><text id="bundleName">ChangeImage.behavior</text><image id="image">bad</image></attributes></behavior></behaviors><elseBehaviors/></behavior><behavior enabled="true" id="id222087" class="RuleBehavior"><attributes><text id="name">Rule</text><text id="bundleName">Rule.behavior</text><boolean id="runOnce">false</boolean><boolean id="runSequentially">false</boolean><real id="compoundConditionKind">0</real></attributes><conditions><condition id="id648778" pluginPredicateTypeIndex="0" eventType="mouse position"><attributes><index id="conditionType">1</index><text id="subjectAttribute">game.attributes.id364999</text></attributes><predicate type="number"><attributes><text id="operator">=</text><real id="RHS">1</real></attributes></predicate></condition></conditions><behaviors><behavior id="id150751" class="SaveTableAction" enabled="true"><attributes><text id="name">Save Table</text><text id="bundleName">SaveTable.behavior</text><text id="tableID">id262937</text></attributes></behavior><behavior id="id325657" class="ChangeImageAction" enabled="true"><attributes><text id="name">Change Image</text><text id="bundleName">ChangeImage.behavior</text><image id="image">good</image></attributes></behavior><behavior id="id819880" class="ChangeAttributeAction" enabled="true"><attributes><text id="name">Change Attribute</text><text id="bundleName">ChangeAttribute.behavior</text><text id="targetAttribute">game.attributes.id794234</text><text id="RHS"><expression><string xml:space="preserve">tableCellValue(</string><reference keypath="game.attributes.id262937"/><string xml:space="preserve">,1,1)</string></expression></text></attributes></behavior></behaviors><elseBehaviors/></behavior></behaviors><aspects><graphics><attributes><boolean id="visible">true</boolean><enumeration id="blendingMode">0</enumeration><enumeration id="horizontalWrap">0</enumeration><enumeration id="verticalWrap">0</enumeration><enumeration id="horizontalAnchor">0</enumeration><enumeration id="verticalAnchor">0</enumeration><boolean id="flipHorizontally">false</boolean><boolean id="flipVertically">false</boolean><integer id="tileWidth">97</integer><integer id="tileHeight">102</integer></attributes></graphics><motion><attributes><point id="linearVelocity"><real id="x">0</real><real id="y">0</real></point><point id="centerOfMass"><real id="x">0</real><real id="y">0</real></point><real id="angularVelocity">0</real><real id="maxSpeed">0</real><boolean id="applyMaxSpeed">false</boolean><boolean id="pin">false</boolean></attributes></motion><physics><attributes><real id="density">1</real><real id="friction">3</real><real id="restitution">1</real><boolean id="fixedRotation">false</boolean><boolean id="movable">true</boolean><enumeration id="collisionShape">0</enumeration><real id="drag">0</real><real id="angularDrag">0</real><boolean id="canSleep">true</boolean><boolean id="betterColisions">false</boolean></attributes></physics></aspects></actor>
