<?xml version="1.0" encoding="UTF-8"?>
<actor PGFVersion="0.25" id="id572057" GSCVersion="1.25.73"><attributes><text id="name">request game</text><real id="time">0</real><point id="position"><real id="x">0</real><real id="y">0</real></point><size id="size"><real id="width">217.5</real><real id="height">100</real></size><angle id="rotation">0</angle><color id="color"><real id="red">1</real><real id="green">1</real><real id="blue">1</real><real id="alpha">1</real></color><image id="image">login</image><text id="tags"></text><boolean id="preloadArt">true</boolean><integer name="requestId" id="id321251">0</integer><real name="getMultiPlayerCB" id="id712887">0</real><real name="sendMultiplayerCB" id="id616901">0</real><real name="getUpdatedMatchCB" id="id308225">0</real><boolean name="playerSpawned" id="id987718">false</boolean><real name="matchUpdate" id="id439420">0</real></attributes><behaviors><behavior id="id628232" class="DisplayTextBehavior" enabled="true"><attributes><text id="name">Start Game Text</text><text id="bundleName">DisplayText.behavior</text><text id="text">Start Game</text><text id="font">Cambay</text><real id="size">10</real><index id="alignment">1</index><boolean id="wrap">false</boolean><color id="color"><real id="red">1</real><real id="green">1</real><real id="blue">1</real><real id="alpha">1</real></color><real id="offsetx">0</real><real id="offsety">0</real><index id="space">0</index><index id="directionSpace">0</index><angle id="direction">0</angle></attributes></behavior><behavior enabled="true" id="id173663" class="RuleBehavior"><attributes><text id="name">Start Game Touched</text><text id="bundleName">Rule.behavior</text><boolean id="runOnce">false</boolean><boolean id="runSequentially">false</boolean><real id="compoundConditionKind">0</real></attributes><conditions><condition id="id422423" pluginPredicateTypeIndex="0" eventType="touch"><attributes><index id="conditionType">0</index></attributes><predicate type="touch" conditionType="pressed"><attributes/></predicate></condition></conditions><behaviors><behavior id="id718926" class="ChangeAttributeAction" enabled="true"><attributes><text id="name">Create Match Id</text><text id="bundleName">ChangeAttribute.behavior</text><text id="targetAttribute">game.attributes.id860683</text><text id="RHS"><expression><string xml:space="preserve">random(1,10000)</string></expression></text></attributes></behavior><behavior id="id922206" class="ChangeAttributeAction" enabled="true"><attributes><text id="name">Create RequestId</text><text id="bundleName">ChangeAttribute.behavior</text><text id="targetAttribute">self.attributes.id321251</text><text id="RHS"><expression><string xml:space="preserve">random(1,10000)</string></expression></text></attributes></behavior><behavior class="ChangeTableValueAction" enabled="true"><attributes><text id="name">Add userId &amp; matchId to multiplayer table.</text><text id="bundleName">ChangeTableValue.behavior</text><text id="tableID"></text><text id="tableExpression"><expression><reference keypath="game.attributes.id662477"/></expression></text><text id="rowNumber">1</text><array id="assignments"><tablecolumnassignment id="id763507"><text id="column">1</text><text id="rhsvalue"><expression><string xml:space="preserve">tableCellValue(</string><reference keypath="game.attributes.id262937"/><string xml:space="preserve">,1,1)</string></expression></text></tablecolumnassignment><tablecolumnassignment id="id271981"><text id="column">7</text><text id="rhsvalue"><expression><reference keypath="game.attributes.id860683"/></expression></text></tablecolumnassignment></array></attributes></behavior><behavior id="id686172" class="NetworkSendTableToURLAction" enabled="true"><attributes><text id="name">Send multiplayer table.</text><text id="bundleName">NetworkSendTableToURL.behavior</text><text id="callbackAttribute">self.attributes.id616901</text><text id="url"><expression><string xml:space="preserve">&quot;https://preview.gamesparks.net/callback/294746j0YTMP/multiplayer/beT3x9wiThz0f0p7eYNUWzECXPZiCC19?requestId=&quot;..</string><reference keypath="self.attributes.id321251"/></expression></text><text id="dataTable"><expression><reference keypath="game.attributes.id662477"/></expression></text></attributes></behavior></behaviors><elseBehaviors/></behavior><behavior enabled="true" id="id373659" class="RuleBehavior"><attributes><text id="name">Multiplayer Send Request was Successful</text><text id="bundleName">Rule.behavior</text><boolean id="runOnce">false</boolean><boolean id="runSequentially">false</boolean><real id="compoundConditionKind">0</real></attributes><conditions><condition id="id634866" pluginPredicateTypeIndex="0" eventType="mouse position"><attributes><index id="conditionType">1</index><text id="subjectAttribute">self.attributes.id616901</text></attributes><predicate type="number"><attributes><text id="operator">=</text><real id="RHS">1</real></attributes></predicate></condition></conditions><behaviors><behavior id="id606611" class="NetworkGetTableFromURLAction" enabled="true"><attributes><text id="name">Get multiplayer table to get matchId</text><text id="bundleName">NetworkGetTableFromURL.behavior</text><text id="callbackAttribute">self.attributes.id712887</text><text id="url"><expression><string xml:space="preserve">&quot;https://preview.gamesparks.net/callback/294746j0YTMP/multiplayer/beT3x9wiThz0f0p7eYNUWzECXPZiCC19?requestId=&quot;..</string><reference keypath="self.attributes.id321251"/></expression></text><text id="dataTable"><expression><reference keypath="game.attributes.id662477"/></expression></text></attributes></behavior></behaviors><elseBehaviors/></behavior><behavior enabled="true" id="id785106" class="RuleBehavior"><attributes><text id="name">Get multiplayer table request was Successful</text><text id="bundleName">Rule.behavior</text><boolean id="runOnce">false</boolean><boolean id="runSequentially">false</boolean><real id="compoundConditionKind">0</real></attributes><conditions><condition id="id634866" pluginPredicateTypeIndex="0" eventType="mouse position"><attributes><index id="conditionType">1</index><text id="subjectAttribute">self.attributes.id712887</text></attributes><predicate type="number"><attributes><text id="operator">=</text><real id="RHS">1</real></attributes></predicate></condition></conditions><behaviors><behavior enabled="true" id="id871697" class="RuleBehavior"><attributes><text id="name">Check to see if we got a matchId.</text><text id="bundleName">Rule.behavior</text><boolean id="runOnce">false</boolean><boolean id="runSequentially">false</boolean><real id="compoundConditionKind">0</real></attributes><conditions><condition pluginPredicateTypeIndex="0" id="id341231" eventType="mouse position"><attributes><index id="conditionType">2</index></attributes><predicate type="number"><attributes><text id="operator">!=</text><real id="RHS">0</real></attributes></predicate><subjectPredicate type="number"><attributes><text id="operator">=</text><real id="RHS"><expression><string xml:space="preserve">tableCellValue(</string><reference keypath="game.attributes.id662477"/><string xml:space="preserve">,1,7)</string></expression></real></attributes></subjectPredicate></condition></conditions><behaviors><behavior id="id690962" class="ChangeAttributeAction" enabled="true"><attributes><text id="name">Change the matchId</text><text id="bundleName">ChangeAttribute.behavior</text><text id="targetAttribute">game.attributes.id860683</text><text id="RHS"><expression><string xml:space="preserve">tableCellValue(</string><reference keypath="game.attributes.id662477"/><string xml:space="preserve">,1,7)</string></expression></text></attributes></behavior><behavior id="id377793" class="NetworkGetTableFromURLAction" enabled="true"><attributes><text id="name">Retrieve Match</text><text id="bundleName">NetworkGetTableFromURL.behavior</text><text id="callbackAttribute">self.attributes.id308225</text><text id="url"><expression><string xml:space="preserve">&quot;https://preview.gamesparks.net/callback/294746j0YTMP/multiplayer/beT3x9wiThz0f0p7eYNUWzECXPZiCC19?gsMatchId=&quot;..</string><reference keypath="game.attributes.id860683"/><string xml:space="preserve">..&quot;&amp;gsUserId=&quot;..</string><reference keypath="game.attributes.id794234"/></expression></text><text id="dataTable"><expression><reference keypath="game.attributes.id662477"/></expression></text></attributes></behavior></behaviors><elseBehaviors/></behavior></behaviors><elseBehaviors/></behavior><behavior enabled="true" id="id808882" class="RuleBehavior"><attributes><text id="name">Mark button red if any calls fail.</text><text id="bundleName">Rule.behavior</text><boolean id="runOnce">false</boolean><boolean id="runSequentially">false</boolean><real id="compoundConditionKind">1</real></attributes><conditions><condition id="id634866" pluginPredicateTypeIndex="0" eventType="mouse position"><attributes><index id="conditionType">1</index><text id="subjectAttribute">self.attributes.id616901</text></attributes><predicate type="number"><attributes><text id="operator">=</text><real id="RHS">-1</real></attributes></predicate></condition><condition id="id671571" pluginPredicateTypeIndex="0" eventType="mouse position"><attributes><index id="conditionType">1</index><text id="subjectAttribute">self.attributes.id712887</text></attributes><predicate type="number"><attributes><text id="operator">=</text><real id="RHS">-1</real></attributes></predicate></condition><condition id="id272699" pluginPredicateTypeIndex="0" eventType="mouse position"><attributes><index id="conditionType">1</index><text id="subjectAttribute">self.attributes.id308225</text></attributes><predicate type="number"><attributes><text id="operator">=</text><real id="RHS">-1</real></attributes></predicate></condition></conditions><behaviors><behavior id="id538339" class="ChangeImageAction" enabled="true"><attributes><text id="name">Change Image</text><text id="bundleName">ChangeImage.behavior</text><image id="image">bad</image></attributes></behavior></behaviors><elseBehaviors/></behavior><behavior enabled="true" id="id875259" class="RuleBehavior"><attributes><text id="name">Spawn Players</text><text id="bundleName">Rule.behavior</text><boolean id="runOnce">false</boolean><boolean id="runSequentially">false</boolean><real id="compoundConditionKind">0</real></attributes><conditions><condition id="id634866" pluginPredicateTypeIndex="0" eventType="mouse position"><attributes><index id="conditionType">1</index><text id="subjectAttribute">self.attributes.id308225</text></attributes><predicate type="number"><attributes><text id="operator">=</text><real id="RHS">1</real></attributes></predicate></condition><condition id="id169692" pluginPredicateTypeIndex="0" eventType="mouse position"><attributes><index id="conditionType">1</index><text id="subjectAttribute">game.attributes.id794234</text></attributes><predicate type="string"><attributes><text id="operator">is</text><text id="RHS"><expression><string xml:space="preserve">tableCellValue(</string><reference keypath="game.attributes.id262937"/><string xml:space="preserve">,1,1)</string></expression></text></attributes></predicate></condition><condition id="id441321" pluginPredicateTypeIndex="0" eventType="mouse position"><attributes><index id="conditionType">1</index><text id="subjectAttribute">self.attributes.id987718</text></attributes><predicate type="boolean"><attributes><index id="RHS">0</index></attributes></predicate></condition></conditions><behaviors><behavior id="id538339" class="ChangeImageAction" enabled="true"><attributes><text id="name">Change Image</text><text id="bundleName">ChangeImage.behavior</text><image id="image">good</image></attributes></behavior><behavior id="id432802" class="SpawnAction" enabled="true"><attributes><text id="name">Spawn Actor</text><text id="bundleName">Spawn.behavior</text><text id="prototypeKey">id897716</text><angle id="direction">0</angle><index id="directionSpace">1</index><real id="x"><expression><reference keypath="game.devices.screen.size.width"/><string xml:space="preserve">/3</string></expression></real><real id="y"><expression><reference keypath="game.devices.screen.size.height"/><string xml:space="preserve">/3</string></expression></real><index id="positionSpace">1</index><index id="layerOrder">0</index></attributes></behavior><behavior id="id548228" class="SpawnAction" enabled="true"><attributes><text id="name">Spawn Actor</text><text id="bundleName">Spawn.behavior</text><text id="prototypeKey">id833060</text><angle id="direction">0</angle><index id="directionSpace">1</index><real id="x"><expression><reference keypath="game.devices.screen.size.width"/><string xml:space="preserve">/2</string></expression></real><real id="y"><expression><reference keypath="game.devices.screen.size.height"/><string xml:space="preserve">/2</string></expression></real><index id="positionSpace">1</index><index id="layerOrder">0</index></attributes></behavior><behavior id="id385776" class="ChangeAttributeAction" enabled="true"><attributes><text id="name">Change Attribute</text><text id="bundleName">ChangeAttribute.behavior</text><text id="targetAttribute">self.attributes.id987718</text><text id="RHS"><expression><string xml:space="preserve">true</string></expression></text></attributes></behavior><behavior id="id709168" class="TimerBehavior" enabled="true"><attributes><text id="name">Timer</text><text id="bundleName">Timer.behavior</text><boolean id="runOnce">false</boolean><boolean id="runSequentially">false</boolean><index id="timerType">0</index><real id="interval">2</real><boolean id="runToCompletion">true</boolean></attributes><behaviors><behavior id="id856449" class="NetworkSendTableToURLAction" enabled="true"><attributes><text id="name">Network Send Table To URL</text><text id="bundleName">NetworkSendTableToURL.behavior</text><text id="callbackAttribute"></text><text id="url"><expression><string xml:space="preserve">&quot;https://preview.gamesparks.net/callback/294746j0YTMP/multiplayer/beT3x9wiThz0f0p7eYNUWzECXPZiCC19?gsMatchId=&quot;..</string><reference keypath="game.attributes.id860683"/><string xml:space="preserve">..&quot;&amp;gsUserId=&quot;..</string><reference keypath="game.attributes.id794234"/></expression></text><text id="dataTable"><expression><reference keypath="game.attributes.id662477"/></expression></text></attributes></behavior></behaviors></behavior></behaviors><elseBehaviors><behavior enabled="true" id="id836309" class="RuleBehavior"><attributes><text id="name">Rule</text><text id="bundleName">Rule.behavior</text><boolean id="runOnce">false</boolean><boolean id="runSequentially">false</boolean><real id="compoundConditionKind">0</real></attributes><conditions><condition id="id310116" pluginPredicateTypeIndex="0" eventType="mouse position"><attributes><index id="conditionType">1</index><text id="subjectAttribute">game.attributes.id794234</text></attributes><predicate type="string"><attributes><text id="operator">is</text><text id="RHS"><expression><string xml:space="preserve">tableCellValue(</string><reference keypath="game.attributes.id262937"/><string xml:space="preserve">,2,1)</string></expression></text></attributes></predicate></condition><condition id="id527649" pluginPredicateTypeIndex="0" eventType="mouse position"><attributes><index id="conditionType">1</index><text id="subjectAttribute">self.attributes.id308225</text></attributes><predicate type="number"><attributes><text id="operator">=</text><real id="RHS">1</real></attributes></predicate></condition><condition id="id684212" pluginPredicateTypeIndex="0" eventType="mouse position"><attributes><index id="conditionType">1</index><text id="subjectAttribute">self.attributes.id987718</text></attributes><predicate type="boolean"><attributes><index id="RHS">0</index></attributes></predicate></condition></conditions><behaviors><behavior id="id766543" class="ChangeImageAction" enabled="true"><attributes><text id="name">Change Image</text><text id="bundleName">ChangeImage.behavior</text><image id="image">good</image></attributes></behavior><behavior id="id401157" class="SpawnAction" enabled="true"><attributes><text id="name">Spawn Actor</text><text id="bundleName">Spawn.behavior</text><text id="prototypeKey">id833060</text><angle id="direction">0</angle><index id="directionSpace">1</index><real id="x"><expression><reference keypath="game.devices.screen.size.width"/><string xml:space="preserve">/2</string></expression></real><real id="y"><expression><reference keypath="game.devices.screen.size.height"/><string xml:space="preserve">/2</string></expression></real><index id="positionSpace">1</index><index id="layerOrder">0</index></attributes></behavior><behavior id="id486744" class="SpawnAction" enabled="false"><attributes><text id="name">Spawn Actor</text><text id="bundleName">Spawn.behavior</text><text id="prototypeKey">id897716</text><angle id="direction">0</angle><index id="directionSpace">1</index><real id="x"><expression><reference keypath="game.devices.screen.size.width"/><string xml:space="preserve">/3</string></expression></real><real id="y"><expression><reference keypath="game.devices.screen.size.height"/><string xml:space="preserve">/3</string></expression></real><index id="positionSpace">1</index><index id="layerOrder">0</index></attributes></behavior><behavior id="id186202" class="ChangeAttributeAction" enabled="true"><attributes><text id="name">Change Attribute</text><text id="bundleName">ChangeAttribute.behavior</text><text id="targetAttribute">self.attributes.id987718</text><text id="RHS"><expression><string xml:space="preserve">true</string></expression></text></attributes></behavior><behavior id="id895438" class="TimerBehavior" enabled="true"><attributes><text id="name">Timer</text><text id="bundleName">Timer.behavior</text><boolean id="runOnce">false</boolean><boolean id="runSequentially">false</boolean><index id="timerType">0</index><real id="interval">2</real><boolean id="runToCompletion">true</boolean></attributes><behaviors><behavior id="id856449" class="NetworkSendTableToURLAction" enabled="true"><attributes><text id="name">Network Send Table To URL</text><text id="bundleName">NetworkSendTableToURL.behavior</text><text id="callbackAttribute">self.attributes.id439420</text><text id="url"><expression><string xml:space="preserve">&quot;https://preview.gamesparks.net/callback/294746j0YTMP/multiplayer/beT3x9wiThz0f0p7eYNUWzECXPZiCC19?gsMatchId=&quot;..</string><reference keypath="game.attributes.id860683"/><string xml:space="preserve">..&quot;&amp;gsUserId=&quot;..</string><reference keypath="game.attributes.id794234"/></expression></text><text id="dataTable"><expression><reference keypath="game.attributes.id662477"/></expression></text></attributes></behavior></behaviors></behavior></behaviors><elseBehaviors/></behavior></elseBehaviors></behavior></behaviors><aspects><graphics><attributes><boolean id="visible">true</boolean><enumeration id="blendingMode">0</enumeration><enumeration id="horizontalWrap">0</enumeration><enumeration id="verticalWrap">0</enumeration><enumeration id="horizontalAnchor">0</enumeration><enumeration id="verticalAnchor">0</enumeration><boolean id="flipHorizontally">false</boolean><boolean id="flipVertically">false</boolean><integer id="tileWidth">218</integer><integer id="tileHeight">100</integer></attributes></graphics><motion><attributes><point id="linearVelocity"><real id="x">0</real><real id="y">0</real></point><point id="centerOfMass"><real id="x">0</real><real id="y">0</real></point><real id="angularVelocity">0</real><real id="maxSpeed">0</real><boolean id="applyMaxSpeed">false</boolean><boolean id="pin">false</boolean></attributes></motion><physics><attributes><real id="density">1</real><real id="friction">3</real><real id="restitution">1</real><boolean id="fixedRotation">false</boolean><boolean id="movable">true</boolean><enumeration id="collisionShape">0</enumeration><real id="drag">0</real><real id="angularDrag">0</real><boolean id="canSleep">true</boolean><boolean id="betterColisions">false</boolean></attributes></physics></aspects></actor>
