<?xml version="1.0" encoding="utf-8"?>
<table version="1.000000" name="gs_multiplayer" numRows="3" numCols="7" flags="9" tableType="0">
<rows>
<row id="0" name=""/>
<row id="1" name=""/>
<row id="2" name=""/>
</rows>
<columns>
<column id="0" name="userId" type="1" readonly="1">,,</column>
<column id="1" name="userName" type="1" readonly="1">,,</column>
<column id="2" name="matchStatus" type="1" readonly="1">,,</column>
<column id="3" name="at1" type="1" readonly="0">,,</column>
<column id="4" name="at2" type="1" readonly="0">,,</column>
<column id="5" name="at3" type="1" readonly="0">,,</column>
<column id="6" name="matchId" type="1" readonly="0">,,</column>
</columns>
</table>
