<?xml version="1.0" encoding="UTF-8"?>
<game GSCVersion="1.25.73" PGFVersion="0.25" title="GSSparkGames"><resolutionIndependence>1</resolutionIndependence><instructions>Add game instructions here.</instructions><resolution>12</resolution><scenes><scene id="id269551" label="Initial Scene"/></scenes><longDescription>Game for SparkGames</longDescription><prototypes><actor id="id825317"/></prototypes><plugins><attributes id="playhaven"/><attributes id="qqgamecenter"><boolean id="enabled">false</boolean></attributes></plugins><networkEnabled>99</networkEnabled><attributes><text id="name">default name</text><real id="time">0</real><integer id="randomSeed">-1</integer><size id="displaySize"><real id="width">568</real><real id="height">320</real></size><text id="actorTags"></text><adreward id="adReward"><integer id="value">0</integer><text id="name"></text></adreward><enumeration id="playerType">1</enumeration><playermap id="player1 Keymap"><text id="dpadUp"></text><text id="dpadDown"></text><text id="dpadLeft"></text><text id="dpadRight"></text><text id="buttonX"></text><text id="buttonY"></text><text id="buttonA"></text><text id="buttonB"></text><text id="start"></text><text id="select"></text><text id="leftShoulder1"></text><text id="rightShoulder1"></text><text id="leftShoulder2"></text><text id="rightShoulder2"></text><text id="leftStickClick"></text><text id="rightStickClick"></text></playermap><playermap id="player2 Keymap"><text id="dpadUp"></text><text id="dpadDown"></text><text id="dpadLeft"></text><text id="dpadRight"></text><text id="buttonX"></text><text id="buttonY"></text><text id="buttonA"></text><text id="buttonB"></text><text id="start"></text><text id="select"></text><text id="leftShoulder1"></text><text id="rightShoulder1"></text><text id="leftShoulder2"></text><text id="rightShoulder2"></text><text id="leftStickClick"></text><text id="rightStickClick"></text></playermap><playermap id="player3 Keymap"><text id="dpadUp"></text><text id="dpadDown"></text><text id="dpadLeft"></text><text id="dpadRight"></text><text id="buttonX"></text><text id="buttonY"></text><text id="buttonA"></text><text id="buttonB"></text><text id="start"></text><text id="select"></text><text id="leftShoulder1"></text><text id="rightShoulder1"></text><text id="leftShoulder2"></text><text id="rightShoulder2"></text><text id="leftStickClick"></text><text id="rightStickClick"></text></playermap><playermap id="player4 Keymap"><text id="dpadUp"></text><text id="dpadDown"></text><text id="dpadLeft"></text><text id="dpadRight"></text><text id="buttonX"></text><text id="buttonY"></text><text id="buttonA"></text><text id="buttonB"></text><text id="start"></text><text id="select"></text><text id="leftShoulder1"></text><text id="rightShoulder1"></text><text id="leftShoulder2"></text><text id="rightShoulder2"></text><text id="leftStickClick"></text><text id="rightStickClick"></text></playermap><playermap id="player5 Keymap"><text id="dpadUp"></text><text id="dpadDown"></text><text id="dpadLeft"></text><text id="dpadRight"></text><text id="buttonX"></text><text id="buttonY"></text><text id="buttonA"></text><text id="buttonB"></text><text id="start"></text><text id="select"></text><text id="leftShoulder1"></text><text id="rightShoulder1"></text><text id="leftShoulder2"></text><text id="rightShoulder2"></text><text id="leftStickClick"></text><text id="rightStickClick"></text></playermap><playermap id="player6 Keymap"><text id="dpadUp"></text><text id="dpadDown"></text><text id="dpadLeft"></text><text id="dpadRight"></text><text id="buttonX"></text><text id="buttonY"></text><text id="buttonA"></text><text id="buttonB"></text><text id="start"></text><text id="select"></text><text id="leftShoulder1"></text><text id="rightShoulder1"></text><text id="leftShoulder2"></text><text id="rightShoulder2"></text><text id="leftStickClick"></text><text id="rightStickClick"></text></playermap><playermap id="player7 Keymap"><text id="dpadUp"></text><text id="dpadDown"></text><text id="dpadLeft"></text><text id="dpadRight"></text><text id="buttonX"></text><text id="buttonY"></text><text id="buttonA"></text><text id="buttonB"></text><text id="start"></text><text id="select"></text><text id="leftShoulder1"></text><text id="rightShoulder1"></text><text id="leftShoulder2"></text><text id="rightShoulder2"></text><text id="leftStickClick"></text><text id="rightStickClick"></text></playermap><playermap id="player8 Keymap"><text id="dpadUp"></text><text id="dpadDown"></text><text id="dpadLeft"></text><text id="dpadRight"></text><text id="buttonX"></text><text id="buttonY"></text><text id="buttonA"></text><text id="buttonB"></text><text id="start"></text><text id="select"></text><text id="leftShoulder1"></text><text id="rightShoulder1"></text><text id="leftShoulder2"></text><text id="rightShoulder2"></text><text id="leftStickClick"></text><text id="rightStickClick"></text></playermap><table name="PurchaseTable" id="id307051">PurchaseTable</table><table name="gs_user" id="id262937">gs_user</table><integer name="recieveUserCB" id="id364999">0</integer><real name="sendUserCB" id="id221765">0</real></attributes></game>
