<?xml version="1.0" encoding="utf-8"?>
<table version="1.000000" name="gs_user" numRows="1" numCols="5" flags="33554441" tableType="4">
<rows>
<row id="0" name=""/>
</rows>
<columns>
<column id="0" name="gsUserId" type="1" readonly="0"></column>
<column id="1" name="gsUserName" type="1" readonly="1">adrian2</column>
<column id="2" name="gsPassoword" type="1" readonly="1">adrianPw2</column>
<column id="3" name="result" type="1" readonly="1"></column>
<column id="4" name="requestId" type="1" readonly="1"></column>
</columns>
</table>
