<?xml version="1.0" encoding="UTF-8"?>
<scene id="id269551" GSCVersion="1.25.95" PGFVersion="0.25"><layers><layer id="id112326"><actors><actor id="id443589" prototype="id391567"><attributes><point id="position"><real id="x">67</real><real id="y">178.5</real></point></attributes><aspects/></actor><actor id="id170409" prototype="id391567"><attributes><point id="position"><real id="x">121</real><real id="y">178.5</real></point><index name="column" id="id623303">2</index></attributes><aspects/></actor><actor id="id618458" prototype="id391567"><attributes><point id="position"><real id="x">175</real><real id="y">178.5</real></point><index name="column" id="id623303">3</index></attributes><aspects/></actor><actor id="id663020" prototype="id391567"><attributes><point id="position"><real id="x">67</real><real id="y">149.5</real></point><size id="size"><real id="width">50</real><real id="height">25</real></size><angle id="rotation">0</angle><index name="row" id="id212193">2</index></attributes><aspects/></actor><actor id="id100738" prototype="id391567"><attributes><point id="position"><real id="x">121</real><real id="y">149.5</real></point><index name="row" id="id212193">2</index><index name="column" id="id623303">2</index></attributes><aspects/></actor><actor id="id239105" prototype="id391567"><attributes><point id="position"><real id="x">175</real><real id="y">149.5</real></point><index name="row" id="id212193">2</index><index name="column" id="id623303">3</index></attributes><aspects/></actor><actor id="id301530" prototype="id391567"><attributes><point id="position"><real id="x">67</real><real id="y">121.5</real></point><size id="size"><real id="width">50</real><real id="height">25</real></size><angle id="rotation">0</angle><index name="row" id="id212193">3</index></attributes><aspects/></actor><actor id="id841302" prototype="id391567"><attributes><point id="position"><real id="x">121</real><real id="y">121.5</real></point><index name="row" id="id212193">3</index><index name="column" id="id623303">2</index></attributes><aspects/></actor><actor id="id805575" prototype="id391567"><attributes><point id="position"><real id="x">175</real><real id="y">121.5</real></point><index name="row" id="id212193">3</index><index name="column" id="id623303">3</index></attributes><aspects/></actor><actor id="id585692" prototype="id353627"><attributes><point id="position"><real id="x">195</real><real id="y">466.5</real></point><color id="color"><real id="red">0.064120709896088</real><real id="green">0.50181978940964</real><real id="blue">0.50197261571884</real><real id="alpha">1</real></color><text name="buttonText" id="id910401">login</text></attributes><aspects/><behaviors><behavior id="id299090" class="DisplayTextBehavior" enabled="true"><attributes><text id="name">Display Text</text><text id="bundleName">DisplayText.behavior</text><text id="text"><expression><reference keypath="self.attributes.id910401"/></expression></text><text id="font">Cambay</text><real id="size">15</real><index id="alignment">1</index><boolean id="wrap">false</boolean><color id="color"><real id="red">0.99999928474426</real><real id="green">0.99997442960739</real><real id="blue">0.99999129772186</real><real id="alpha">1</real></color><real id="offsetx">0</real><real id="offsety">0</real><index id="space">0</index><index id="directionSpace">0</index><angle id="direction">0</angle></attributes></behavior><behavior enabled="true" id="id346549" class="RuleBehavior"><attributes><text name="Name" id="name">Rule</text><text name="Bundle Name" id="bundleName">Rule.behavior</text><boolean name="Run Once" id="runOnce">false</boolean><boolean name="Run Sequentially" id="runSequentially">false</boolean><real name="Compound Condition Kind" id="compoundConditionKind">0</real></attributes><conditions><condition id="id162664" eventType="touch"><attributes><index name="Condition Type" id="conditionType">0</index><attribute name="Subject Attribute" id="subjectAttribute"/></attributes><predicate type="touch" conditionType="pressed"><attributes/></predicate></condition></conditions><behaviors><behavior id="id110713" class="ChangeAttributeAction" enabled="true"><attributes><text id="name">Change Attribute</text><text id="bundleName">ChangeAttribute.behavior</text><text id="targetAttribute">game.attributes.id304604</text><text id="RHS"><expression><string xml:space="preserve">4</string></expression></text></attributes></behavior><behavior id="id704204" class="NetworkSendTableToURLAction" enabled="true"><attributes><text id="name">Network Send Table To URL</text><text id="bundleName">NetworkSendTableToURL.behavior</text><text id="callbackAttribute">game.attributes.id304604</text><text id="url"><expression><reference keypath="game.attributes.id237746"/><string xml:space="preserve">..&quot;?requestType=login&amp;userName=&quot;..</string><reference keypath="scene.layers.id112326.actors.id941927.attributes.id505899"/><string xml:space="preserve">..&quot;&amp;userPassword=&quot;..</string><reference keypath="scene.layers.id112326.actors.id461385.attributes.id505899"/></expression></text><text id="dataTable"><expression><reference keypath="game.attributes.id434271"/></expression></text></attributes></behavior></behaviors><elseBehaviors/></behavior></behaviors></actor><actor id="id135308" prototype="id353627"><attributes><point id="position"><real id="x">91</real><real id="y">466.5</real></point><color id="color"><real id="red">0.064120709896088</real><real id="green">0.50181978940964</real><real id="blue">0.50197261571884</real><real id="alpha">1</real></color><text name="buttonText" id="id910401">register</text></attributes><aspects/><behaviors><behavior id="id299090" class="DisplayTextBehavior" enabled="true"><attributes><text id="name">Display Text</text><text id="bundleName">DisplayText.behavior</text><text id="text"><expression><reference keypath="self.attributes.id910401"/></expression></text><text id="font">Cambay</text><real id="size">15</real><index id="alignment">1</index><boolean id="wrap">false</boolean><color id="color"><real id="red">0.99999928474426</real><real id="green">0.99997442960739</real><real id="blue">0.99999129772186</real><real id="alpha">1</real></color><real id="offsetx">0</real><real id="offsety">0</real><index id="space">0</index><index id="directionSpace">0</index><angle id="direction">0</angle></attributes></behavior><behavior enabled="true" id="id300299" class="RuleBehavior"><attributes><text id="name">Rule</text><text id="bundleName">Rule.behavior</text><boolean id="runOnce">false</boolean><boolean id="runSequentially">false</boolean><real id="compoundConditionKind">0</real></attributes><conditions><condition id="id162664" pluginPredicateTypeIndex="0" eventType="touch"><attributes><index id="conditionType">0</index></attributes><predicate type="touch" conditionType="pressed"><attributes/></predicate></condition></conditions><behaviors><behavior id="id846896" class="ChangeAttributeAction" enabled="true"><attributes><text id="name">Change Attribute</text><text id="bundleName">ChangeAttribute.behavior</text><text id="targetAttribute">game.attributes.id304604</text><text id="RHS"><expression><string xml:space="preserve">4</string></expression></text></attributes></behavior><behavior id="id704204" class="NetworkSendTableToURLAction" enabled="true"><attributes><text id="name">Network Send Table To URL</text><text id="bundleName">NetworkSendTableToURL.behavior</text><text id="callbackAttribute">game.attributes.id304604</text><text id="url"><expression><reference keypath="game.attributes.id237746"/><string xml:space="preserve">..&quot;?requestType=register&amp;userName=&quot;..</string><reference keypath="scene.layers.id112326.actors.id941927.attributes.id505899"/><string xml:space="preserve">..&quot;&amp;userPassword=&quot;..</string><reference keypath="scene.layers.id112326.actors.id461385.attributes.id505899"/><string xml:space="preserve">..&quot;&amp;displayName=&quot;..</string><reference keypath="scene.layers.id112326.actors.id202575.attributes.id505899"/></expression></text><text id="dataTable"><expression><reference keypath="game.attributes.id434271"/></expression></text></attributes></behavior></behaviors><elseBehaviors/></behavior></behaviors></actor><actor id="id751275" prototype="id353627"><attributes><point id="position"><real id="x">91</real><real id="y">437.5</real></point><size id="size"><real id="width">100</real><real id="height">25</real></size><angle id="rotation">0</angle><color id="color"><real id="red">0.50196081399918</real><real id="green">0</real><real id="blue">0.50196081399918</real><real id="alpha">1</real></color><text name="buttonText" id="id910401">post score</text></attributes><aspects/><behaviors><behavior id="id299090" class="DisplayTextBehavior" enabled="true"><attributes><text id="name">Display Text</text><text id="bundleName">DisplayText.behavior</text><text id="text"><expression><reference keypath="self.attributes.id910401"/></expression></text><text id="font">Cambay</text><real id="size">15</real><index id="alignment">1</index><boolean id="wrap">false</boolean><color id="color"><real id="red">0.99999928474426</real><real id="green">0.99997442960739</real><real id="blue">0.99999129772186</real><real id="alpha">1</real></color><real id="offsetx">0</real><real id="offsety">0</real><index id="space">0</index><index id="directionSpace">0</index><angle id="direction">0</angle></attributes></behavior><behavior enabled="true" id="id122562" class="RuleBehavior"><attributes><text name="Name" id="name">Rule</text><text name="Bundle Name" id="bundleName">Rule.behavior</text><boolean name="Run Once" id="runOnce">false</boolean><boolean name="Run Sequentially" id="runSequentially">false</boolean><real name="Compound Condition Kind" id="compoundConditionKind">0</real></attributes><conditions><condition id="id162664" eventType="touch"><attributes><index name="Condition Type" id="conditionType">0</index><attribute name="Subject Attribute" id="subjectAttribute"/></attributes><predicate type="touch" conditionType="pressed"><attributes/></predicate></condition></conditions><behaviors><behavior id="id846896" class="ChangeAttributeAction" enabled="true"><attributes><text id="name">Change Attribute</text><text id="bundleName">ChangeAttribute.behavior</text><text id="targetAttribute">game.attributes.id304604</text><text id="RHS"><expression><string xml:space="preserve">4</string></expression></text></attributes></behavior><behavior id="id405366" class="NetworkGetTableFromURLAction" enabled="true"><attributes><text id="name">Network Get Table From URL</text><text id="bundleName">NetworkGetTableFromURL.behavior</text><text id="callbackAttribute">game.attributes.id304604</text><text id="url"><expression><reference keypath="game.attributes.id237746"/><string xml:space="preserve">..&quot;?requestType=putScore&amp;userName=&quot;..</string><reference keypath="scene.layers.id112326.actors.id941927.attributes.id505899"/><string xml:space="preserve">..&quot;&amp;userPassword=&quot;..</string><reference keypath="scene.layers.id112326.actors.id461385.attributes.id505899"/><string xml:space="preserve">..&quot;&amp;score=&quot;..</string><reference keypath="scene.layers.id112326.actors.id202575.attributes.id505899"/></expression></text><text id="dataTable"><expression><reference keypath="game.attributes.id157175"/></expression></text></attributes></behavior></behaviors><elseBehaviors/></behavior></behaviors></actor><actor id="id207130" prototype="id353627"><attributes><point id="position"><real id="x">195</real><real id="y">437.5</real></point><color id="color"><real id="red">0.50196081399918</real><real id="green">0</real><real id="blue">0.50196081399918</real><real id="alpha">1</real></color><text name="buttonText" id="id910401">get lboard</text></attributes><aspects/><behaviors><behavior id="id299090" class="DisplayTextBehavior" enabled="true"><attributes><text id="name">Display Text</text><text id="bundleName">DisplayText.behavior</text><text id="text"><expression><reference keypath="self.attributes.id910401"/></expression></text><text id="font">Cambay</text><real id="size">15</real><index id="alignment">1</index><boolean id="wrap">false</boolean><color id="color"><real id="red">0.99999928474426</real><real id="green">0.99997442960739</real><real id="blue">0.99999129772186</real><real id="alpha">1</real></color><real id="offsetx">0</real><real id="offsety">0</real><index id="space">0</index><index id="directionSpace">0</index><angle id="direction">0</angle></attributes></behavior><behavior enabled="true" id="id712170" class="RuleBehavior"><attributes><text name="Name" id="name">Rule</text><text name="Bundle Name" id="bundleName">Rule.behavior</text><boolean name="Run Once" id="runOnce">false</boolean><boolean name="Run Sequentially" id="runSequentially">false</boolean><real name="Compound Condition Kind" id="compoundConditionKind">0</real></attributes><conditions><condition id="id162664" eventType="touch"><attributes><index name="Condition Type" id="conditionType">0</index><attribute name="Subject Attribute" id="subjectAttribute"/></attributes><predicate type="touch" conditionType="pressed"><attributes/></predicate></condition></conditions><behaviors><behavior id="id405366" class="NetworkGetTableFromURLAction" enabled="true"><attributes><text id="name">Network Get Table From URL</text><text id="bundleName">NetworkGetTableFromURL.behavior</text><text id="callbackAttribute">game.attributes.id304604</text><text id="url"><expression><reference keypath="game.attributes.id237746"/><string xml:space="preserve">..&quot;?requestType=getLeaderboard&quot;</string></expression></text><text id="dataTable"><expression><reference keypath="game.attributes.id157175"/></expression></text></attributes></behavior></behaviors><elseBehaviors/></behavior></behaviors></actor><actor id="id941927" prototype="id160861"><attributes><text id="name">txtBxUserName</text><point id="position"><real id="x">164.5</real><real id="y">584.5</real></point><size id="size"><real id="width">75</real><real id="height">25</real></size><angle id="rotation">0</angle><text name="itemTxt" id="id505899">...</text><text name="itemName" id="id545528">username</text></attributes><aspects/></actor><actor id="id596734" prototype="id747522"><attributes><point id="position"><real id="x">78.5</real><real id="y">584.5</real></point><text name="labletext" id="id374128">user name</text></attributes><aspects/></actor><actor id="id688075" prototype="id747522"><attributes><point id="position"><real id="x">78.5</real><real id="y">552.5</real></point><size id="size"><real id="width">75</real><real id="height">25</real></size><angle id="rotation">0</angle><text name="labletext" id="id374128">password</text></attributes><aspects/></actor><actor id="id461385" prototype="id160861"><attributes><text id="name">txtBxPassword</text><point id="position"><real id="x">164.5</real><real id="y">552.5</real></point><size id="size"><real id="width">75</real><real id="height">25</real></size><angle id="rotation">0</angle><text name="itemTxt" id="id505899">..</text><text name="itemName" id="id545528">password</text></attributes><aspects/></actor><actor id="id333788" prototype="id747522"><attributes><point id="position"><real id="x">80.5</real><real id="y">520.5</real></point><size id="size"><real id="width">75</real><real id="height">25</real></size><angle id="rotation">0</angle><text name="labletext" id="id374128">other</text></attributes><aspects/></actor><actor id="id202575" prototype="id160861"><attributes><text id="name">txtBxOther</text><point id="position"><real id="x">164.5</real><real id="y">521.5</real></point><size id="size"><real id="width">75</real><real id="height">25</real></size><angle id="rotation">0</angle><text name="itemTxt" id="id505899">..</text><text name="itemName" id="id545528">other</text></attributes><aspects/></actor><actor id="id749680" prototype="id353627"><attributes><point id="position"><real id="x">299</real><real id="y">466</real></point><text name="buttonText" id="id910401">send event</text></attributes><aspects/><behaviors><behavior id="id299090" class="DisplayTextBehavior" enabled="true"><attributes><text id="name">Display Text</text><text id="bundleName">DisplayText.behavior</text><text id="text"><expression><reference keypath="self.attributes.id910401"/></expression></text><text id="font">Cambay</text><real id="size">15</real><index id="alignment">1</index><boolean id="wrap">false</boolean><color id="color"><real id="red">0.99999928474426</real><real id="green">0.99997442960739</real><real id="blue">0.99999129772186</real><real id="alpha">1</real></color><real id="offsetx">0</real><real id="offsety">0</real><index id="space">0</index><index id="directionSpace">0</index><angle id="direction">0</angle></attributes></behavior><behavior enabled="true" id="id796822" class="RuleBehavior"><attributes><text name="Name" id="name">Rule</text><text name="Bundle Name" id="bundleName">Rule.behavior</text><boolean name="Run Once" id="runOnce">false</boolean><boolean name="Run Sequentially" id="runSequentially">false</boolean><real name="Compound Condition Kind" id="compoundConditionKind">0</real></attributes><conditions><condition id="id162664" eventType="touch"><attributes><index name="Condition Type" id="conditionType">0</index><attribute name="Subject Attribute" id="subjectAttribute"/></attributes><predicate type="touch" conditionType="pressed"><attributes/></predicate></condition></conditions><behaviors><behavior id="id110713" class="ChangeAttributeAction" enabled="true"><attributes><text id="name">Change Attribute</text><text id="bundleName">ChangeAttribute.behavior</text><text id="targetAttribute">game.attributes.id304604</text><text id="RHS"><expression><string xml:space="preserve">4</string></expression></text></attributes></behavior><behavior id="id704204" class="NetworkSendTableToURLAction" enabled="true"><attributes><text id="name">Network Send Table To URL</text><text id="bundleName">NetworkSendTableToURL.behavior</text><text id="callbackAttribute">game.attributes.id304604</text><text id="url"><expression><reference keypath="game.attributes.id237746"/><string xml:space="preserve">..&quot;?requestType=saveEvent&amp;userName=&quot;..</string><reference keypath="scene.layers.id112326.actors.id941927.attributes.id505899"/><string xml:space="preserve">..&quot;&amp;userPassword=&quot;..</string><reference keypath="scene.layers.id112326.actors.id461385.attributes.id505899"/><string xml:space="preserve">..&quot;&amp;eventName=&quot;..</string><reference keypath="scene.layers.id112326.actors.id202575.attributes.id505899"/><string xml:space="preserve">..&quot;&amp;app_version=100&amp;os_name=&quot;..</string><reference keypath="game.devices.platform.name"/><string xml:space="preserve">..&quot;&amp;os_version=&quot;..</string><reference keypath="game.devices.platform.version"/><string xml:space="preserve">..&quot;&amp;country=&quot;..</string><reference keypath="game.devices.platform.region"/><string xml:space="preserve">..&quot;&amp;language=&quot;..</string><reference keypath="game.devices.platform.language"/><string xml:space="preserve">..&quot;&amp;device_model=&quot;..</string><reference keypath="game.devices.platform.deviceModel"/></expression></text><text id="dataTable"><expression><reference keypath="game.attributes.id434271"/></expression></text></attributes></behavior></behaviors><elseBehaviors/></behavior></behaviors></actor><actor id="id594291" prototype="id559441"><attributes><point id="position"><real id="x">292</real><real id="y">576</real></point></attributes><aspects/></actor></actors><attributes><text id="name">Background</text><boolean id="scrollable">true</boolean></attributes></layer></layers><attributes><text id="name">Initial Scene</text><real id="time">0</real><size id="size"><real id="width">375</real><real id="height">667</real></size><boolean id="wrapX">false</boolean><boolean id="wrapY">false</boolean><point id="gravity"><real id="x">0</real><real id="y">0</real></point><color id="color"><real id="red">0.99991446733475</real><real id="green">0.99998170137405</real><real id="blue">0.99983191490173</real><real id="alpha">1</real></color><rect id="camera"><point id="origin"><real id="x">0</real><real id="y">0</real></point><size id="size"><real id="width">375</real><real id="height">667</real></size><size id="trackingArea"><real id="width">295</real><real id="height">587</real></size><real id="rotation">0</real></rect><attributes id="autorotate"><boolean id="landscapeLeft">false</boolean><boolean id="portrait">true</boolean><boolean id="landscapeRight">false</boolean><boolean id="portraitUpsideDown">false</boolean></attributes></attributes></scene>
